ID,Name,Description,Icon,Max Amount,Shape,Weight,Price,Type,Size,Health,Power,FieldRadius,Speed,AttckSpeed,Turn Delay,Hit Value
Fs_1001,Herring,청어,2D_LargemouthBass_2D,1,-1;0/0;1,0.2,200,Agility,10;20,10,1,10,1,1,1;3,0.1;0.5
Fs_1002,Rockfish,볼락,2D_LargemouthBass_2D,1,-1;0/0;1,0.2,280,Strength,20;45,10,1,10,1,1,1;4,0.1;0.5
Fs_1003,Mackerel,고등어,2D_LargemouthBass_2D,1,-1;0/0;1,0.2,250,Health,30;50,10,1,10,1,1,0.3;1.5,0.1;0.5
Fs_1004,Horse Mackerel,전갱이,2D_LargemouthBass_2D,1,-1;0/0;1,0.2,180,Agility,15;30,10,1,10,1,1,1;3,0.1;0.5
Fs_1005,Sea Bass,농어,2D_LargemouthBass_2D,1,-1;0/0;1,0.6,600,Strength,50;100,10,1,10,1,1,1;3,0.1;0.5
Fs_1006,Red Sea Bream,참돔,2D_LargemouthBass_2D,1,-1;0/0;1,0.4,500,Strength,40;80,10,1,10,1,1,1;3,0.1;0.5
Fs_1007,Black Sea Bream,감성돔,2D_LargemouthBass_2D,1,-1;0/0;1,0.4,450,Strength,30;60,10,1,10,1,1,1;3,0.1;0.5
Fs_1008,Flounder,광어,2D_LargemouthBass_2D,1,-1;0/0;1,0.4,550,Health,30;70,10,1,10,1,1,1;3,0.1;0.5
Fs_1009,Striped Beakfish,돌돔,2D_LargemouthBass_2D,1,-1;0/0;1,0.4,400,Strength,25;50,10,1,10,1,1,1;3,0.1;0.5
Fs_1010,Mullet,숭어,2D_LargemouthBass_2D,1,-1;0/0;1,0.8,350,Health,45;90,10,1,10,1,1,1;3,0.1;0.5
Fs_1011,Old Tire,낡은 타이어,2D_LargemouthBass_2D,1,-1;0/0;1,1.2,10,Strength,8;0,10,1,10,1,1,1;3,0.1;0.5
Fs_1012,Plastic Bottle,페트병,2D_LargemouthBass_2D,1,-1;0/0;1,0.2,5,Agility,3;0,10,1,10,1,1,1;3,0.1;0.5
Fs_1013,Rusty Can,녹슨 깡통,2D_LargemouthBass_2D,1,-1;0/0;1,0.2,15,Agility,2;0,10,1,10,1,1,1;3,0.1;0.5
Fs_1014,Scrap Wood,폐목재,2D_LargemouthBass_2D,1,-1;0/0;1,0.5,20,Health,6;0,10,1,10,1,1,1;3,0.1;0.5
Fs_1015,Common Engine Parts,일반 엔진 재료,2D_LargemouthBass_2D,1,-1;0/0;1,1.5,500,Strength,10;0,10,1,10,1,1,1;3,0.1;0.5
Fs_2001,Yellowtail,방어,2D_LargemouthBass_2D,1,-1;0/0;1,1.2,3000,Health,60;120,10,1,10,1,1,1;3,0.1;0.5
Fs_2002,Sevenband Grouper,능성어,2D_LargemouthBass_2D,1,-1;0/0;1,1,3500,Strength,50;100,10,1,10,1,1,1;3,0.1;0.5
Fs_2003,Giant Sea Bass,돗돔,2D_LargemouthBass_2D,1,-1;0/0;1,0.6,5000,Strength,100;180,10,1,10,1,1,1;3,0.1;0.5
Fs_2004,Octopus,문어,2D_LargemouthBass_2D,1,-1;0/0;1,1,3000,Agility,150;250,10,1,10,1,1,1;3,0.1;0.5
Fs_2005,Amberjack,부시리,2D_LargemouthBass_2D,1,-1;0/0;1,1.5,4000,Strength,80;150,10,1,10,1,1,1;3,0.1;0.5
Fs_2006,Spotted Grouper,자바리,2D_LargemouthBass_2D,1,-1;0/0;1,1.2,4500,Health,70;130,10,1,10,1,1,1;3,0.1;0.5
Fs_2007,Tiger Puffer,황복어,2D_LargemouthBass_2D,1,-1;0/0;1,0.5,1000,Health,20;40,10,1,10,1,1,1;3,0.1;0.5
Fs_2008,Ocean Sunfish,개복치,2D_LargemouthBass_2D,1,-1;0/0;1,2,6000,Strength,150;250,10,1,10,1,1,1;3,0.1;0.5
Fs_2009,Tuna,참치,2D_LargemouthBass_2D,1,-1;0/0;1,2,10000,Strength,200;400,10,1,10,1,1,1;3,0.1;0.5
Fs_2010,Swordfish,황새치,2D_LargemouthBass_2D,1,-1;0/0;1,2.4,12000,Agility,250;500,10,1,10,1,1,1;3,0.1;0.5
Fs_2011,Old Net,낡은 그물,2D_LargemouthBass_2D,1,-1;0/0;1,0.5,50,Health,10;0,10,1,10,1,1,1;3,0.1;0.5
Fs_2012,Broken Bottle,깨진 병,2D_LargemouthBass_2D,1,-1;0/0;1,0.1,40,Agility,2;0,10,1,10,1,1,1;3,0.1;0.5
Fs_2013,Seaweed,해초,2D_LargemouthBass_2D,1,-1;0/0;1,0.1,30,Health,4;0,10,1,10,1,1,1;3,0.1;0.5
Fs_2014,Rebar Piece,철조각,2D_LargemouthBass_2D,1,-1;0/0;1,0.2,60,Strength,2;0,10,1,10,1,1,1;3,0.1;0.5
Fs_2015,Advanced Engine Parts,고급 엔진 재료,2D_LargemouthBass_2D,1,-1;0/0;1,2,2000,Strength,10;0,10,1,10,1,1,1;3,0.1;0.5
Fs_3001,Sturgeon,철갑상어,2D_LargemouthBass_2D,1,-1;0/0;1,2.5,20000,Strength,150;300,10,1,10,1,1,1;3,0.1;0.5
Fs_3002,Grouper,다금바리,2D_LargemouthBass_2D,1,-1;0/0;1,1.5,30000,Agility,80;150,10,1,10,1,1,1;3,0.1;0.5
Fs_3003,Marlin,청새치,2D_LargemouthBass_2D,1,-1;0/0;1,2.5,35000,Health,300;600,10,1,10,1,1,1;3,0.1;0.5
Fs_3004,Giant Squid,대왕 오징어,2D_LargemouthBass_2D,1,-1;0/0;1,5,40000,Health,500;1000,10,1,10,1,1,1;3,0.1;0.5
Fs_3005,Dolphin Fish,만새기,2D_LargemouthBass_2D,1,-1;0/0;1,3,40000,Strength,100;180,10,1,10,1,1,1;3,0.1;0.5
Fs_3006,Discarded Pad,버려진 패드,2D_LargemouthBass_2D,1,-1;0/0;1,0.4,200,Agility,3;0,10,1,10,1,1,1;3,0.1;0.5
Fs_3007,Discarded Phone,버려진 폰,2D_LargemouthBass_2D,1,-1;0/0;1,0.2,500,Agility,1;5,10,1,10,1,1,1;3,0.1;0.5
Fs_3008,Rare Engine Parts,희귀 엔진 재료,2D_LargemouthBass_2D,1,-1;0/0;1,2.5,10000,Strength,10;0,10,1,10,1,1,1;3,0.1;0.5
Fs_4001,Great White Shark,백상아리,2D_LargemouthBass_2D,1,-1;0/0;1,7,100000,Strength,600;1200,10,1,10,1,1,1;3,0.1;0.5
Fs_4002,Ancient Arapaima,고대 피라루쿠,2D_LargemouthBass_2D,1,-1;0/0;1,9,200000,Health,400;800,10,1,10,1,1,1;3,0.1;0.5
Fs_4003,The King of the Deep,심해의 왕,2D_LargemouthBass_2D,1,-1;0/0;1,10,300000,Strength,700;1500,10,1,10,1,1,1;3,0.1;0.5